{"cameraMode":{"drawMode":0,"name":"Shaded","section":"Shading Mode"},"sceneLighting":false,"audioPlay":false,"sceneViewState":{"showFog":true,"showMaterialUpdate":false,"showSkybox":false,"showFlares":true,"showImageEffects":true,"showParticleSystems":true},"in2DMode":false,"pivot":{"x":0.43083295226097109,"y":0.6288871765136719,"z":-3.527970314025879},"rotation":{"x":0.17542773485183717,"y":-0.02510148100554943,"z":0.004474146291613579,"w":0.984163761138916},"size":2.385197401046753,"orthographic":false}